epoch,iteration,iteration_total,current_loss,avg_loss
0,0,609,3.73,3.73
0,10,609,8.86,5.23
0,20,609,5.72,4.71
0,30,609,2.29,4.61
0,40,609,3.45,4.33
0,50,609,5.04,4.34
0,60,609,5.5,4.25
0,70,609,6.43,4.15
0,80,609,2.79,4.16
0,90,609,2.25,4.14
0,100,609,1.65,4.06
0,110,609,3.81,4.04
0,120,609,5.59,4.05
0,130,609,5.05,3.97
0,140,609,1.54,3.9
0,150,609,6.4,3.88
0,160,609,3.58,3.85
0,170,609,3.3,3.82
0,180,609,1.64,3.8
0,190,609,2.94,3.78
0,200,609,2.36,3.77
0,210,609,2.44,3.77
0,220,609,2.72,3.75
0,230,609,1.74,3.7
0,240,609,3.27,3.65
0,250,609,7.12,3.63
0,260,609,1.72,3.62
0,270,609,4.16,3.61
0,280,609,5.12,3.59
0,290,609,7.27,3.58
0,300,609,5.11,3.56
0,310,609,1.82,3.53
0,320,609,2.85,3.53
0,330,609,3.07,3.5
0,340,609,2.7,3.48
0,350,609,3.67,3.47
0,360,609,3.15,3.47
0,370,609,3.41,3.46
0,380,609,1.7,3.47
0,390,609,2.47,3.46
0,400,609,3.0,3.44
0,410,609,3.44,3.43
0,420,609,2.9,3.43
0,430,609,1.55,3.41
0,440,609,7.24,3.4
0,450,609,2.51,3.41
0,460,609,4.11,3.41
0,470,609,3.52,3.41
0,480,609,4.98,3.39
0,490,609,3.4,3.39
0,500,609,2.13,3.36
0,510,609,3.18,3.36
0,520,609,1.81,3.35
0,530,609,2.6,3.35
0,540,609,4.97,3.34
0,550,609,1.59,3.33
0,560,609,4.12,3.33
0,570,609,2.04,3.31
0,580,609,3.45,3.3
0,590,609,2.41,3.29
0,600,609,2.33,3.29
1,0,609,1.28,1.28
1,10,609,3.79,2.46
1,20,609,4.04,2.62
1,30,609,1.69,2.91
1,40,609,2.15,2.86
1,50,609,2.28,2.79
1,60,609,3.43,2.74
1,70,609,2.91,2.87
1,80,609,2.6,2.75
1,90,609,2.0,2.74
1,100,609,1.92,2.77
1,110,609,2.49,2.76
1,120,609,1.76,2.76
1,130,609,3.05,2.72
1,140,609,3.17,2.75
1,150,609,1.85,2.75
1,160,609,3.5,2.69
1,170,609,5.43,2.76
1,180,609,4.2,2.75
1,190,609,3.93,2.75
1,200,609,2.96,2.74
1,210,609,4.81,2.72
1,220,609,3.47,2.73
1,230,609,1.39,2.75
1,240,609,2.61,2.76
1,250,609,2.38,2.77
1,260,609,1.75,2.77
1,270,609,1.16,2.76
1,280,609,2.35,2.75
1,290,609,1.74,2.76
1,300,609,1.93,2.75
1,310,609,1.88,2.77
1,320,609,2.33,2.77
1,330,609,2.41,2.77
1,340,609,2.05,2.78
1,350,609,2.59,2.78
1,360,609,3.56,2.78
1,370,609,1.52,2.76
1,380,609,3.44,2.77
1,390,609,1.38,2.78
1,400,609,3.4,2.77
1,410,609,4.58,2.78
1,420,609,3.63,2.78
1,430,609,1.8,2.78
1,440,609,5.48,2.78
1,450,609,2.92,2.78
1,460,609,3.09,2.78
1,470,609,4.2,2.79
1,480,609,1.69,2.79
1,490,609,2.73,2.79
1,500,609,1.28,2.77
1,510,609,2.66,2.76
1,520,609,3.03,2.75
1,530,609,2.4,2.75
1,540,609,1.66,2.76
1,550,609,1.14,2.75
1,560,609,2.4,2.75
1,570,609,3.77,2.74
1,580,609,3.62,2.74
1,590,609,3.02,2.74
1,600,609,1.67,2.74
2,0,609,4.83,4.83
2,10,609,2.94,2.59
2,20,609,1.67,2.81
2,30,609,2.19,2.8
2,40,609,1.57,2.76
2,50,609,2.67,2.66
2,60,609,3.3,2.7
2,70,609,2.77,2.73
2,80,609,3.39,2.75
2,90,609,2.01,2.75
2,100,609,1.81,2.72
2,110,609,2.24,2.7
2,120,609,1.78,2.72
2,130,609,1.95,2.69
2,140,609,4.63,2.68
2,150,609,2.58,2.67
2,160,609,1.13,2.65
2,170,609,2.85,2.65
2,180,609,2.07,2.64
2,190,609,1.94,2.62
2,200,609,2.5,2.61
2,210,609,2.57,2.62
2,220,609,1.42,2.6
2,230,609,1.49,2.6
2,240,609,2.66,2.6
2,250,609,3.36,2.61
2,260,609,2.79,2.59
2,270,609,1.79,2.59
2,280,609,1.71,2.57
2,290,609,3.93,2.57
2,300,609,4.23,2.57
2,310,609,1.85,2.56
2,320,609,1.63,2.55
2,330,609,4.13,2.55
2,340,609,2.26,2.54
2,350,609,1.63,2.54
2,360,609,1.55,2.54
2,370,609,1.82,2.55
2,380,609,2.1,2.53
2,390,609,1.65,2.53
2,400,609,5.11,2.55
2,410,609,2.18,2.56
2,420,609,2.25,2.56
2,430,609,1.6,2.56
2,440,609,2.16,2.56
2,450,609,3.4,2.57
2,460,609,1.7,2.56
2,470,609,1.95,2.57
2,480,609,2.36,2.56
2,490,609,1.48,2.56
2,500,609,4.17,2.56
2,510,609,2.62,2.56
2,520,609,1.97,2.55
2,530,609,1.45,2.55
2,540,609,2.96,2.55
2,550,609,3.09,2.55
2,560,609,1.55,2.54
2,570,609,3.14,2.55
2,580,609,2.4,2.54
2,590,609,2.93,2.55
2,600,609,1.66,2.54
3,0,609,1.53,1.53
3,10,609,1.45,2.88
3,20,609,2.63,2.41
3,30,609,2.77,2.4
3,40,609,1.83,2.26
3,50,609,4.61,2.53
3,60,609,3.07,2.47
3,70,609,1.47,2.6
3,80,609,2.05,2.64
3,90,609,1.66,2.62
3,100,609,1.31,2.59
3,110,609,3.01,2.63
3,120,609,3.57,2.65
3,130,609,4.21,2.67
3,140,609,3.34,2.67
3,150,609,5.39,2.69
3,160,609,3.2,2.69
3,170,609,2.2,2.68
3,180,609,1.69,2.65
3,190,609,2.34,2.62
3,200,609,1.93,2.6
3,210,609,2.17,2.61
3,220,609,2.36,2.65
3,230,609,1.42,2.63
3,240,609,2.04,2.62
3,250,609,3.25,2.59
3,260,609,1.28,2.56
3,270,609,1.61,2.59
3,280,609,1.98,2.6
3,290,609,2.86,2.59
3,300,609,3.69,2.59
3,310,609,1.76,2.59
3,320,609,3.26,2.59
3,330,609,1.52,2.6
3,340,609,1.38,2.6
3,350,609,3.64,2.59
3,360,609,1.88,2.58
3,370,609,2.03,2.58
3,380,609,2.76,2.58
3,390,609,3.95,2.57
3,400,609,2.09,2.57
3,410,609,3.89,2.56
3,420,609,2.26,2.56
3,430,609,2.88,2.55
3,440,609,3.25,2.56
3,450,609,2.98,2.56
3,460,609,5.81,2.57
3,470,609,1.83,2.56
3,480,609,3.95,2.56
3,490,609,3.96,2.57
3,500,609,2.9,2.57
3,510,609,2.49,2.57
3,520,609,1.8,2.57
3,530,609,5.19,2.57
3,540,609,2.53,2.58
3,550,609,2.51,2.57
3,560,609,5.24,2.58
3,570,609,1.33,2.57
3,580,609,3.56,2.56
3,590,609,1.1,2.56
3,600,609,1.45,2.56
4,0,609,2.01,2.01
4,10,609,3.35,2.57
4,20,609,1.95,2.36
4,30,609,2.45,2.48
4,40,609,3.61,2.45
4,50,609,1.62,2.33
4,60,609,3.1,2.38
4,70,609,2.23,2.44
4,80,609,3.07,2.41
4,90,609,4.88,2.39
4,100,609,2.79,2.41
4,110,609,2.01,2.44
4,120,609,2.24,2.4
4,130,609,2.23,2.37
4,140,609,1.56,2.38
4,150,609,4.95,2.4
4,160,609,2.83,2.43
4,170,609,1.28,2.42
4,180,609,1.67,2.43
4,190,609,4.53,2.46
4,200,609,2.89,2.45
4,210,609,1.07,2.43
4,220,609,1.36,2.42
4,230,609,2.12,2.43
4,240,609,1.55,2.44
4,250,609,2.58,2.43
4,260,609,1.1,2.41
4,270,609,1.11,2.41
4,280,609,3.33,2.41
4,290,609,3.84,2.42
4,300,609,2.47,2.42
4,310,609,2.01,2.43
4,320,609,3.64,2.44
4,330,609,2.24,2.43
4,340,609,3.01,2.44
4,350,609,1.74,2.43
4,360,609,2.63,2.43
4,370,609,2.72,2.41
4,380,609,1.33,2.42
4,390,609,4.18,2.42
4,400,609,3.62,2.43
4,410,609,2.37,2.43
4,420,609,2.06,2.43
4,430,609,2.92,2.44
4,440,609,1.1,2.44
4,450,609,2.0,2.44
4,460,609,1.92,2.44
4,470,609,2.35,2.43
4,480,609,2.39,2.44
4,490,609,2.26,2.44
4,500,609,2.64,2.44
4,510,609,1.95,2.44
4,520,609,1.85,2.44
4,530,609,4.69,2.44
4,540,609,4.02,2.45
4,550,609,2.99,2.45
4,560,609,3.35,2.45
4,570,609,1.85,2.46
4,580,609,2.84,2.46
4,590,609,3.21,2.46
4,600,609,1.51,2.46
5,0,609,3.4,3.4
5,10,609,1.94,2.18
5,20,609,1.25,2.21
5,30,609,2.75,2.24
5,40,609,1.8,2.28
5,50,609,1.8,2.34
5,60,609,2.39,2.28
5,70,609,2.62,2.28
5,80,609,1.22,2.31
5,90,609,2.15,2.35
5,100,609,4.17,2.42
5,110,609,1.38,2.42
5,120,609,3.22,2.39
5,130,609,1.29,2.38
5,140,609,2.63,2.39
5,150,609,1.74,2.35
5,160,609,1.11,2.35
5,170,609,2.3,2.34
5,180,609,2.68,2.35
5,190,609,1.73,2.35
5,200,609,2.5,2.36
5,210,609,3.8,2.39
5,220,609,1.16,2.39
5,230,609,1.1,2.38
5,240,609,2.16,2.38
5,250,609,4.48,2.38
5,260,609,3.23,2.4
5,270,609,2.85,2.41
5,280,609,1.18,2.4
5,290,609,2.05,2.38
5,300,609,1.37,2.39
5,310,609,1.58,2.38
5,320,609,1.89,2.37
5,330,609,1.31,2.39
5,340,609,4.63,2.4
5,350,609,1.46,2.41
5,360,609,3.52,2.41
5,370,609,1.65,2.4
5,380,609,2.65,2.39
5,390,609,2.94,2.39
5,400,609,1.68,2.38
5,410,609,1.17,2.39
5,420,609,1.85,2.39
5,430,609,3.02,2.4
5,440,609,1.81,2.4
5,450,609,1.55,2.41
5,460,609,5.31,2.42
5,470,609,2.17,2.42
5,480,609,1.81,2.41
5,490,609,2.36,2.41
5,500,609,1.56,2.41
5,510,609,1.99,2.4
5,520,609,2.12,2.4
5,530,609,3.76,2.4
5,540,609,2.54,2.4
5,550,609,3.33,2.41
5,560,609,2.8,2.41
5,570,609,3.68,2.42
5,580,609,1.19,2.41
5,590,609,2.92,2.41
5,600,609,3.26,2.41
6,0,609,1.51,1.51
6,10,609,2.04,2.25
6,20,609,1.82,2.33
6,30,609,4.3,2.33
6,40,609,3.3,2.33
6,50,609,1.9,2.25
6,60,609,2.87,2.32
6,70,609,1.78,2.31
6,80,609,1.3,2.32
6,90,609,2.42,2.31
6,100,609,2.07,2.27
6,110,609,1.37,2.35
6,120,609,3.25,2.4
6,130,609,1.89,2.39
6,140,609,4.37,2.41
6,150,609,1.37,2.42
6,160,609,3.0,2.42
6,170,609,1.9,2.43
6,180,609,1.15,2.4
6,190,609,2.17,2.42
6,200,609,1.24,2.43
6,210,609,1.73,2.42
6,220,609,2.25,2.41
6,230,609,3.37,2.42
6,240,609,1.82,2.43
6,250,609,1.97,2.42
6,260,609,1.19,2.4
6,270,609,1.72,2.39
6,280,609,3.41,2.39
6,290,609,2.94,2.38
6,300,609,2.53,2.38
6,310,609,1.65,2.4
6,320,609,1.09,2.39
6,330,609,1.94,2.4
6,340,609,1.93,2.39
6,350,609,4.32,2.38
6,360,609,2.7,2.38
6,370,609,2.58,2.39
6,380,609,1.62,2.4
6,390,609,1.75,2.4
6,400,609,1.27,2.4
6,410,609,2.65,2.4
6,420,609,2.19,2.4
6,430,609,1.23,2.39
6,440,609,1.67,2.39
6,450,609,4.64,2.39
6,460,609,3.3,2.39
6,470,609,2.92,2.39
6,480,609,3.39,2.39
6,490,609,4.19,2.39
6,500,609,1.76,2.39
6,510,609,2.85,2.39
6,520,609,2.5,2.39
6,530,609,2.84,2.39
6,540,609,2.04,2.39
6,550,609,2.77,2.39
6,560,609,1.36,2.38
6,570,609,7.19,2.38
6,580,609,2.05,2.38
6,590,609,1.3,2.39
6,600,609,3.67,2.39
7,0,609,2.06,2.06
7,10,609,2.34,2.84
7,20,609,2.95,2.73
7,30,609,3.01,2.6
7,40,609,1.7,2.5
7,50,609,2.56,2.39
7,60,609,2.04,2.44
7,70,609,3.5,2.58
7,80,609,3.07,2.58
7,90,609,3.5,2.56
7,100,609,0.998,2.5
7,110,609,1.09,2.47
7,120,609,2.42,2.44
7,130,609,1.64,2.43
7,140,609,3.27,2.4
7,150,609,1.97,2.39
7,160,609,3.94,2.42
7,170,609,1.37,2.39
7,180,609,2.19,2.39
7,190,609,1.49,2.38
7,200,609,1.78,2.4
7,210,609,1.59,2.39
7,220,609,2.59,2.38
7,230,609,1.95,2.37
7,240,609,2.28,2.38
7,250,609,2.67,2.39
7,260,609,3.14,2.4
7,270,609,1.69,2.4
7,280,609,2.33,2.39
7,290,609,2.42,2.39
7,300,609,2.1,2.4
7,310,609,2.35,2.4
7,320,609,2.46,2.41
7,330,609,1.91,2.4
7,340,609,1.22,2.4
7,350,609,2.53,2.4
7,360,609,1.34,2.39
7,370,609,2.48,2.39
7,380,609,2.16,2.38
7,390,609,1.07,2.37
7,400,609,2.19,2.37
7,410,609,1.87,2.37
7,420,609,3.6,2.37
7,430,609,2.68,2.37
7,440,609,2.2,2.37
7,450,609,3.29,2.37
7,460,609,1.47,2.37
7,470,609,1.41,2.37
7,480,609,2.13,2.36
7,490,609,3.59,2.37
7,500,609,1.36,2.37
7,510,609,2.45,2.36
7,520,609,1.77,2.36
7,530,609,1.17,2.36
7,540,609,1.98,2.36
7,550,609,5.1,2.37
7,560,609,1.65,2.37
7,570,609,1.63,2.36
7,580,609,2.57,2.35
7,590,609,3.15,2.35
7,600,609,1.56,2.36
8,0,609,2.23,2.23
8,10,609,2.39,2.06
8,20,609,2.97,2.15
8,30,609,1.62,2.21
8,40,609,3.43,2.28
8,50,609,1.52,2.26
8,60,609,1.47,2.25
8,70,609,2.94,2.31
8,80,609,3.23,2.32
8,90,609,3.04,2.4
8,100,609,3.44,2.43
8,110,609,1.58,2.38
8,120,609,4.65,2.38
8,130,609,1.24,2.34
8,140,609,1.39,2.34
8,150,609,1.42,2.35
8,160,609,2.67,2.34
8,170,609,1.7,2.33
8,180,609,1.23,2.33
8,190,609,4.32,2.37
8,200,609,2.93,2.37
8,210,609,3.08,2.36
8,220,609,2.65,2.37
8,230,609,1.16,2.34
8,240,609,2.47,2.35
8,250,609,4.72,2.36
8,260,609,2.12,2.37
8,270,609,2.96,2.38
8,280,609,2.3,2.37
8,290,609,1.44,2.37
8,300,609,2.71,2.35
8,310,609,4.72,2.37
8,320,609,3.42,2.38
8,330,609,1.47,2.38
8,340,609,1.47,2.36
8,350,609,3.86,2.35
8,360,609,2.34,2.38
8,370,609,3.04,2.37
8,380,609,2.48,2.37
8,390,609,1.77,2.36
8,400,609,2.71,2.36
8,410,609,1.75,2.36
8,420,609,2.39,2.35
8,430,609,2.27,2.35
8,440,609,2.76,2.35
8,450,609,4.29,2.36
8,460,609,2.28,2.36
8,470,609,1.5,2.36
8,480,609,1.36,2.36
8,490,609,1.76,2.36
8,500,609,2.55,2.37
8,510,609,2.08,2.37
8,520,609,1.99,2.37
8,530,609,2.92,2.36
8,540,609,4.91,2.36
8,550,609,2.61,2.36
8,560,609,1.28,2.36
8,570,609,1.84,2.37
8,580,609,1.99,2.36
8,590,609,4.8,2.36
8,600,609,2.56,2.37
9,0,609,1.95,1.95
9,10,609,1.41,1.88
9,20,609,1.23,2.04
9,30,609,1.21,2.01
9,40,609,4.59,2.08
9,50,609,1.14,2.18
9,60,609,2.83,2.25
9,70,609,2.8,2.42
9,80,609,1.97,2.41
9,90,609,1.54,2.38
9,100,609,1.64,2.38
9,110,609,2.52,2.38
9,120,609,2.52,2.36
9,130,609,1.87,2.35
9,140,609,1.73,2.36
9,150,609,2.8,2.36
9,160,609,1.7,2.35
9,170,609,2.83,2.37
9,180,609,1.66,2.37
9,190,609,2.33,2.36
9,200,609,1.45,2.37
9,210,609,1.9,2.36
9,220,609,2.77,2.37
9,230,609,2.86,2.38
9,240,609,1.83,2.37
9,250,609,2.23,2.37
9,260,609,3.72,2.36
9,270,609,2.07,2.36
9,280,609,1.91,2.36
9,290,609,3.79,2.37
9,300,609,1.82,2.37
9,310,609,1.4,2.35
9,320,609,3.94,2.35
9,330,609,2.05,2.35
9,340,609,2.5,2.34
9,350,609,3.45,2.34
9,360,609,1.34,2.33
9,370,609,2.49,2.32
9,380,609,2.34,2.34
9,390,609,2.43,2.34
9,400,609,3.86,2.34
9,410,609,2.56,2.36
9,420,609,1.94,2.35
9,430,609,2.47,2.35
9,440,609,1.88,2.34
9,450,609,1.63,2.34
9,460,609,2.2,2.34
9,470,609,3.23,2.33
9,480,609,3.67,2.33
9,490,609,1.82,2.34
9,500,609,1.91,2.33
9,510,609,1.06,2.33
9,520,609,2.22,2.33
9,530,609,1.82,2.33
9,540,609,2.93,2.34
9,550,609,2.95,2.33
9,560,609,1.76,2.33
9,570,609,2.54,2.34
9,580,609,1.56,2.33
9,590,609,2.6,2.33
9,600,609,3.32,2.33
10,0,609,2.83,2.83
10,10,609,1.52,2.38
10,20,609,1.79,2.2
10,30,609,1.33,2.23
10,40,609,1.83,2.23
10,50,609,1.59,2.18
10,60,609,1.68,2.15
10,70,609,1.44,2.12
10,80,609,1.45,2.12
10,90,609,1.41,2.13
10,100,609,2.69,2.14
10,110,609,1.87,2.13
10,120,609,2.74,2.19
10,130,609,1.97,2.17
10,140,609,4.91,2.2
10,150,609,3.4,2.21
10,160,609,2.01,2.2
10,170,609,2.01,2.19
10,180,609,1.98,2.21
10,190,609,2.14,2.2
10,200,609,2.48,2.2
10,210,609,2.64,2.21
10,220,609,2.63,2.2
10,230,609,2.76,2.21
10,240,609,4.28,2.23
10,250,609,1.88,2.22
10,260,609,2.25,2.25
10,270,609,3.46,2.26
10,280,609,1.43,2.24
10,290,609,4.02,2.26
10,300,609,2.85,2.26
10,310,609,3.92,2.27
10,320,609,3.14,2.29
10,330,609,2.28,2.29
10,340,609,1.25,2.3
10,350,609,3.85,2.29
10,360,609,2.34,2.29
10,370,609,2.67,2.3
10,380,609,1.59,2.31
10,390,609,2.14,2.32
10,400,609,1.17,2.31
10,410,609,1.55,2.32
10,420,609,1.78,2.31
10,430,609,1.55,2.31
10,440,609,2.09,2.3
10,450,609,1.31,2.3
10,460,609,1.9,2.3
10,470,609,1.8,2.29
10,480,609,1.7,2.28
10,490,609,1.7,2.28
10,500,609,2.38,2.28
10,510,609,1.31,2.28
10,520,609,2.74,2.28
10,530,609,2.37,2.28
10,540,609,1.4,2.28
10,550,609,2.7,2.29
10,560,609,2.62,2.29
10,570,609,2.85,2.29
10,580,609,3.64,2.29
10,590,609,1.78,2.29
10,600,609,3.7,2.28
11,0,609,2.13,2.13
11,10,609,4.55,2.55
11,20,609,3.07,2.21
11,30,609,1.52,2.07
11,40,609,6.24,2.25
11,50,609,1.48,2.24
11,60,609,1.24,2.12
11,70,609,2.54,2.17
11,80,609,1.71,2.15
11,90,609,2.17,2.18
11,100,609,1.25,2.18
11,110,609,4.52,2.17
11,120,609,2.52,2.22
11,130,609,2.55,2.24
11,140,609,1.69,2.24
11,150,609,1.34,2.27
11,160,609,2.85,2.28
11,170,609,2.22,2.26
11,180,609,1.9,2.24
11,190,609,1.58,2.22
11,200,609,1.9,2.22
11,210,609,1.86,2.25
11,220,609,3.44,2.26
11,230,609,3.62,2.27
11,240,609,1.65,2.26
11,250,609,1.35,2.28
11,260,609,1.67,2.27
11,270,609,2.18,2.28
11,280,609,1.56,2.27
11,290,609,1.25,2.26
11,300,609,3.21,2.26
11,310,609,4.35,2.26
11,320,609,1.47,2.26
11,330,609,1.85,2.25
11,340,609,1.69,2.25
11,350,609,2.99,2.25
11,360,609,1.75,2.25
11,370,609,1.36,2.25
11,380,609,2.62,2.25
11,390,609,2.04,2.26
11,400,609,3.96,2.26
11,410,609,1.5,2.26
11,420,609,1.72,2.27
11,430,609,2.1,2.26
11,440,609,1.54,2.26
11,450,609,2.14,2.26
11,460,609,1.17,2.27
11,470,609,1.52,2.27
11,480,609,3.37,2.27
11,490,609,2.31,2.27
11,500,609,3.68,2.27
11,510,609,2.37,2.26
11,520,609,4.17,2.27
11,530,609,1.35,2.27
11,540,609,2.22,2.27
11,550,609,1.26,2.27
11,560,609,2.11,2.26
11,570,609,2.05,2.26
11,580,609,1.34,2.26
11,590,609,1.45,2.26
11,600,609,1.45,2.26
12,0,609,1.98,1.98
12,10,609,2.41,2.41
12,20,609,1.47,2.24
12,30,609,1.81,2.28
12,40,609,1.04,2.3
12,50,609,2.08,2.31
12,60,609,1.32,2.22
12,70,609,1.94,2.26
12,80,609,1.98,2.28
12,90,609,2.13,2.27
12,100,609,1.46,2.29
12,110,609,2.66,2.28
12,120,609,2.08,2.26
12,130,609,1.17,2.27
12,140,609,2.02,2.23
12,150,609,1.52,2.24
12,160,609,1.39,2.23
12,170,609,0.963,2.23
12,180,609,1.64,2.2
12,190,609,2.46,2.19
12,200,609,2.26,2.2
12,210,609,3.27,2.2
12,220,609,3.24,2.22
12,230,609,2.55,2.22
12,240,609,1.17,2.21
12,250,609,2.81,2.2
12,260,609,2.17,2.19
12,270,609,2.3,2.2
12,280,609,2.66,2.21
12,290,609,2.17,2.21
12,300,609,1.72,2.23
12,310,609,1.45,2.21
12,320,609,1.88,2.2
12,330,609,2.06,2.22
12,340,609,1.23,2.23
12,350,609,1.44,2.23
12,360,609,1.71,2.22
12,370,609,2.46,2.22
12,380,609,1.68,2.22
12,390,609,1.78,2.21
12,400,609,1.98,2.21
12,410,609,1.81,2.21
12,420,609,3.61,2.21
12,430,609,2.29,2.23
12,440,609,1.58,2.23
12,450,609,2.88,2.24
12,460,609,1.35,2.23
12,470,609,2.5,2.23
12,480,609,1.93,2.22
12,490,609,1.5,2.22
12,500,609,1.2,2.23
12,510,609,1.94,2.23
12,520,609,1.58,2.24
12,530,609,1.35,2.24
12,540,609,2.63,2.24
12,550,609,2.61,2.24
12,560,609,1.32,2.24
12,570,609,4.05,2.25
12,580,609,1.41,2.25
12,590,609,1.67,2.25
12,600,609,1.89,2.25
13,0,609,1.77,1.77
13,10,609,1.78,1.82
13,20,609,2.76,1.91
13,30,609,1.97,1.91
13,40,609,2.1,1.95
13,50,609,1.68,1.93
13,60,609,1.5,1.98
13,70,609,3.1,2.11
13,80,609,2.88,2.1
13,90,609,3.06,2.14
13,100,609,1.31,2.11
13,110,609,1.38,2.11
13,120,609,2.59,2.15
13,130,609,1.21,2.18
13,140,609,2.52,2.22
13,150,609,6.04,2.23
13,160,609,2.79,2.25
13,170,609,2.85,2.25
13,180,609,1.9,2.23
13,190,609,1.77,2.24
13,200,609,1.93,2.25
13,210,609,1.39,2.23
13,220,609,2.18,2.25
13,230,609,2.32,2.24
13,240,609,2.07,2.24
13,250,609,3.17,2.25
13,260,609,2.06,2.25
13,270,609,1.6,2.25
13,280,609,2.61,2.26
13,290,609,2.42,2.26
13,300,609,1.98,2.25
13,310,609,4.49,2.27
13,320,609,1.21,2.26
13,330,609,1.81,2.28
13,340,609,2.04,2.28
13,350,609,1.62,2.28
13,360,609,1.56,2.27
13,370,609,1.22,2.28
13,380,609,1.45,2.28
13,390,609,2.69,2.27
13,400,609,1.54,2.27
13,410,609,1.65,2.26
13,420,609,3.53,2.27
13,430,609,3.24,2.27
13,440,609,2.99,2.29
13,450,609,1.92,2.28
13,460,609,1.83,2.28
13,470,609,2.28,2.28
13,480,609,1.59,2.27
13,490,609,1.22,2.27
13,500,609,1.06,2.26
13,510,609,1.3,2.26
13,520,609,1.95,2.26
13,530,609,1.62,2.25
13,540,609,3.07,2.26
13,550,609,3.94,2.26
13,560,609,1.87,2.26
13,570,609,1.29,2.24
13,580,609,2.95,2.24
13,590,609,1.0,2.23
13,600,609,2.87,2.24
14,0,609,1.96,1.96
14,10,609,1.0,1.92
14,20,609,1.84,2.07
14,30,609,2.35,1.97
14,40,609,2.97,2.07
14,50,609,1.66,2.1
14,60,609,2.87,2.16
14,70,609,2.21,2.1
14,80,609,1.72,2.09
14,90,609,1.82,2.11
14,100,609,1.37,2.12
14,110,609,2.08,2.11
14,120,609,1.83,2.14
14,130,609,2.52,2.15
14,140,609,1.84,2.15
14,150,609,1.92,2.18
14,160,609,1.85,2.15
14,170,609,2.86,2.16
14,180,609,2.76,2.16
14,190,609,1.48,2.15
14,200,609,1.2,2.13
14,210,609,1.63,2.12
14,220,609,1.78,2.13
14,230,609,2.88,2.12
14,240,609,1.25,2.12
14,250,609,2.51,2.13
14,260,609,2.14,2.15
14,270,609,3.86,2.16
14,280,609,2.03,2.17
14,290,609,1.74,2.17
14,300,609,1.75,2.16
14,310,609,1.45,2.16
14,320,609,1.35,2.16
14,330,609,1.44,2.15
14,340,609,1.4,2.16
14,350,609,1.41,2.16
14,360,609,1.5,2.15
14,370,609,1.91,2.16
14,380,609,1.91,2.15
14,390,609,2.53,2.16
14,400,609,3.18,2.17
14,410,609,1.57,2.17
14,420,609,3.05,2.18
14,430,609,2.55,2.18
14,440,609,1.46,2.18
14,450,609,2.17,2.19
14,460,609,1.48,2.18
14,470,609,2.09,2.19
14,480,609,2.07,2.2
14,490,609,2.21,2.21
14,500,609,2.96,2.21
14,510,609,3.27,2.21
14,520,609,1.05,2.21
14,530,609,3.71,2.21
14,540,609,1.26,2.2
14,550,609,1.05,2.2
14,560,609,1.78,2.2
14,570,609,1.4,2.2
14,580,609,2.65,2.2
14,590,609,1.83,2.2
14,600,609,3.01,2.21
15,0,609,3.62,3.62
15,10,609,2.77,2.51
15,20,609,0.985,2.24
15,30,609,1.61,2.42
15,40,609,5.84,2.33
15,50,609,1.09,2.3
15,60,609,4.04,2.41
15,70,609,3.85,2.38
15,80,609,2.15,2.34
15,90,609,4.98,2.36
15,100,609,0.92,2.31
15,110,609,2.11,2.3
15,120,609,3.66,2.36
15,130,609,2.18,2.37
15,140,609,2.97,2.36
15,150,609,2.04,2.35
15,160,609,3.72,2.34
15,170,609,1.41,2.32
15,180,609,1.9,2.32
15,190,609,2.23,2.33
15,200,609,1.02,2.33
15,210,609,2.39,2.35
15,220,609,2.08,2.32
15,230,609,1.03,2.31
15,240,609,2.48,2.3
15,250,609,2.24,2.32
15,260,609,3.05,2.31
15,270,609,1.09,2.3
15,280,609,1.48,2.29
15,290,609,2.96,2.29
15,300,609,3.28,2.29
15,310,609,4.38,2.3
15,320,609,2.33,2.29
15,330,609,2.37,2.29
15,340,609,2.05,2.29
15,350,609,4.12,2.3
15,360,609,1.63,2.3
15,370,609,1.95,2.3
15,380,609,2.44,2.29
15,390,609,1.3,2.29
15,400,609,1.68,2.3
15,410,609,1.57,2.3
15,420,609,3.88,2.3
15,430,609,1.5,2.29
15,440,609,3.8,2.3
15,450,609,1.2,2.3
15,460,609,2.65,2.3
15,470,609,1.65,2.29
15,480,609,1.65,2.28
15,490,609,1.82,2.27
15,500,609,1.29,2.28
15,510,609,2.96,2.28
15,520,609,2.32,2.28
15,530,609,2.0,2.28
15,540,609,3.71,2.27
15,550,609,1.27,2.27
15,560,609,2.0,2.27
15,570,609,2.84,2.28
15,580,609,1.68,2.29
15,590,609,1.64,2.29
15,600,609,1.64,2.28
16,0,609,2.48,2.48
16,10,609,1.34,2.05
16,20,609,1.33,2.11
16,30,609,3.71,2.09
16,40,609,2.84,2.02
16,50,609,2.5,2.07
16,60,609,2.45,2.12
16,70,609,2.39,2.19
16,80,609,1.96,2.19
16,90,609,1.43,2.14
16,100,609,1.2,2.14
16,110,609,1.31,2.1
16,120,609,1.51,2.16
16,130,609,1.77,2.17
16,140,609,1.76,2.18
16,150,609,1.78,2.16
16,160,609,1.48,2.15
16,170,609,1.66,2.14
16,180,609,1.81,2.15
16,190,609,1.37,2.16
16,200,609,1.21,2.14
16,210,609,2.25,2.12
16,220,609,3.6,2.15
16,230,609,6.13,2.16
16,240,609,2.15,2.16
16,250,609,4.85,2.16
16,260,609,3.3,2.18
16,270,609,1.7,2.17
16,280,609,1.02,2.16
16,290,609,1.65,2.16
16,300,609,1.9,2.18
16,310,609,1.9,2.19
16,320,609,3.68,2.19
16,330,609,1.7,2.19
16,340,609,4.16,2.19
16,350,609,1.07,2.19
16,360,609,2.03,2.2
16,370,609,2.13,2.19
16,380,609,1.89,2.19
16,390,609,1.19,2.17
16,400,609,2.71,2.17
16,410,609,1.34,2.17
16,420,609,1.78,2.17
16,430,609,1.29,2.18
16,440,609,1.36,2.19
16,450,609,2.79,2.19
16,460,609,1.76,2.19
16,470,609,5.05,2.19
16,480,609,2.82,2.21
16,490,609,1.89,2.21
16,500,609,1.32,2.2
16,510,609,2.29,2.21
16,520,609,1.28,2.21
16,530,609,1.91,2.2
16,540,609,2.27,2.2
16,550,609,1.47,2.2
16,560,609,2.61,2.2
16,570,609,1.42,2.19
16,580,609,2.36,2.2
16,590,609,1.3,2.19
16,600,609,3.44,2.21
17,0,609,1.88,1.88
17,10,609,1.03,2.24
17,20,609,3.07,2.39
17,30,609,1.96,2.53
17,40,609,2.83,2.38
17,50,609,1.52,2.34
17,60,609,1.73,2.31
17,70,609,1.99,2.32
17,80,609,1.26,2.29
17,90,609,1.83,2.28
17,100,609,4.13,2.31
17,110,609,1.32,2.26
17,120,609,2.0,2.23
17,130,609,1.39,2.23
17,140,609,1.42,2.22
17,150,609,1.37,2.24
17,160,609,2.27,2.25
17,170,609,2.87,2.24
17,180,609,1.78,2.22
17,190,609,1.69,2.21
17,200,609,2.06,2.19
17,210,609,1.24,2.2
17,220,609,3.71,2.2
17,230,609,1.45,2.19
17,240,609,1.42,2.2
17,250,609,2.99,2.18
17,260,609,1.86,2.19
17,270,609,3.62,2.2
17,280,609,1.68,2.19
17,290,609,2.61,2.19
17,300,609,0.899,2.2
17,310,609,2.29,2.19
17,320,609,3.91,2.21
17,330,609,1.6,2.21
17,340,609,2.64,2.21
17,350,609,1.16,2.19
17,360,609,2.41,2.18
17,370,609,2.09,2.19
17,380,609,1.14,2.2
17,390,609,1.49,2.19
17,400,609,1.48,2.19
17,410,609,1.92,2.18
17,420,609,2.52,2.18
17,430,609,3.17,2.18
17,440,609,1.3,2.18
17,450,609,1.46,2.18
17,460,609,2.97,2.17
17,470,609,1.97,2.18
17,480,609,2.01,2.18
17,490,609,4.19,2.19
17,500,609,1.5,2.19
17,510,609,1.45,2.19
17,520,609,2.72,2.2
17,530,609,1.53,2.2
17,540,609,2.36,2.2
17,550,609,1.42,2.2
17,560,609,1.06,2.2
17,570,609,3.07,2.2
17,580,609,2.0,2.2
17,590,609,2.91,2.2
17,600,609,2.67,2.2
18,0,609,2.16,2.16
18,10,609,1.7,2.48
18,20,609,2.09,2.31
18,30,609,3.72,2.41
18,40,609,2.6,2.32
18,50,609,1.14,2.28
18,60,609,2.24,2.28
18,70,609,4.22,2.28
18,80,609,1.64,2.32
18,90,609,1.96,2.29
18,100,609,1.36,2.24
18,110,609,3.24,2.29
18,120,609,1.59,2.26
18,130,609,1.26,2.22
18,140,609,2.99,2.26
18,150,609,2.86,2.23
18,160,609,1.67,2.22
18,170,609,1.63,2.23
18,180,609,2.95,2.25
18,190,609,1.88,2.27
18,200,609,1.72,2.27
18,210,609,2.61,2.29
18,220,609,1.6,2.28
18,230,609,1.13,2.27
18,240,609,3.62,2.27
18,250,609,2.42,2.26
18,260,609,1.65,2.25
18,270,609,2.12,2.24
18,280,609,1.67,2.24
18,290,609,1.04,2.24
18,300,609,1.7,2.24
18,310,609,1.58,2.24
18,320,609,1.78,2.22
18,330,609,2.63,2.21
18,340,609,3.73,2.21
18,350,609,2.24,2.21
18,360,609,1.3,2.21
18,370,609,2.13,2.21
18,380,609,1.84,2.21
18,390,609,2.18,2.21
18,400,609,1.89,2.2
18,410,609,2.73,2.21
18,420,609,2.0,2.21
18,430,609,1.8,2.21
18,440,609,3.29,2.21
18,450,609,3.0,2.2
18,460,609,4.17,2.2
18,470,609,2.58,2.2
18,480,609,3.44,2.21
18,490,609,2.48,2.21
18,500,609,3.24,2.21
18,510,609,4.0,2.21
18,520,609,2.77,2.21
18,530,609,2.93,2.21
18,540,609,1.51,2.21
18,550,609,3.35,2.21
18,560,609,1.87,2.21
18,570,609,1.77,2.2
18,580,609,2.57,2.2
18,590,609,1.09,2.2
18,600,609,1.82,2.2
19,0,609,3.8,3.8
19,10,609,2.99,2.42
19,20,609,1.82,2.51
19,30,609,2.24,2.56
19,40,609,1.5,2.4
19,50,609,2.0,2.28
19,60,609,3.23,2.19
19,70,609,1.99,2.12
19,80,609,1.03,2.09
19,90,609,2.21,2.15
19,100,609,2.59,2.13
19,110,609,2.75,2.12
19,120,609,2.14,2.14
19,130,609,1.6,2.14
19,140,609,1.16,2.14
19,150,609,2.13,2.13
19,160,609,1.33,2.1
19,170,609,1.6,2.09
19,180,609,1.38,2.08
19,190,609,3.05,2.09
19,200,609,2.06,2.08
19,210,609,1.74,2.06
19,220,609,1.96,2.08
19,230,609,1.56,2.06
19,240,609,1.92,2.05
19,250,609,1.37,2.04
19,260,609,4.17,2.05
19,270,609,1.26,2.05
19,280,609,1.35,2.04
19,290,609,1.46,2.05
19,300,609,2.93,2.07
19,310,609,2.39,2.08
19,320,609,1.77,2.07
19,330,609,1.28,2.07
19,340,609,3.23,2.07
19,350,609,2.11,2.07
19,360,609,2.18,2.07
19,370,609,3.34,2.07
19,380,609,1.62,2.06
19,390,609,2.89,2.07
19,400,609,1.4,2.08
19,410,609,1.7,2.08
19,420,609,0.911,2.09
19,430,609,1.77,2.08
19,440,609,2.21,2.08
19,450,609,1.97,2.09
19,460,609,1.4,2.09
19,470,609,1.96,2.09
19,480,609,3.62,2.1
19,490,609,2.36,2.1
19,500,609,1.46,2.1
19,510,609,2.39,2.09
19,520,609,1.17,2.09
19,530,609,2.33,2.1
19,540,609,2.05,2.1
19,550,609,2.37,2.1
19,560,609,2.92,2.1
19,570,609,1.04,2.1
19,580,609,1.71,2.1
19,590,609,1.08,2.1
19,600,609,1.05,2.1
20,0,609,3.65,3.65
20,10,609,1.98,2.08
20,20,609,1.61,2.11
20,30,609,1.72,2.08
20,40,609,3.17,2.09
20,50,609,1.72,2.12
20,60,609,1.56,2.13
20,70,609,2.66,2.15
20,80,609,1.74,2.15
20,90,609,1.31,2.13
20,100,609,2.09,2.14
20,110,609,2.87,2.14
20,120,609,1.33,2.16
20,130,609,1.4,2.16
20,140,609,4.54,2.15
20,150,609,3.2,2.15
20,160,609,1.54,2.14
20,170,609,1.96,2.15
20,180,609,1.47,2.18
20,190,609,1.52,2.16
20,200,609,2.01,2.16
20,210,609,2.06,2.19
20,220,609,1.35,2.17
20,230,609,3.87,2.17
20,240,609,2.17,2.17
20,250,609,2.77,2.17
20,260,609,1.6,2.16
20,270,609,3.72,2.15
20,280,609,2.27,2.17
20,290,609,2.86,2.16
20,300,609,1.44,2.16
20,310,609,1.69,2.15
20,320,609,1.1,2.16
20,330,609,1.16,2.14
20,340,609,1.94,2.14
20,350,609,2.34,2.13
20,360,609,1.76,2.12
20,370,609,2.32,2.12
20,380,609,2.1,2.12
20,390,609,2.86,2.12
20,400,609,2.58,2.12
20,410,609,1.55,2.12
20,420,609,1.34,2.11
20,430,609,1.52,2.12
20,440,609,4.95,2.13
20,450,609,3.14,2.13
20,460,609,3.06,2.13
20,470,609,3.51,2.13
20,480,609,1.26,2.14
20,490,609,1.78,2.14
20,500,609,1.38,2.13
20,510,609,4.54,2.13
20,520,609,2.94,2.14
20,530,609,1.45,2.15
20,540,609,2.62,2.15
20,550,609,1.66,2.14
20,560,609,2.24,2.14
20,570,609,1.13,2.14
20,580,609,2.17,2.13
20,590,609,2.68,2.13
20,600,609,2.31,2.13
21,0,609,1.14,1.14
21,10,609,1.37,2.14
21,20,609,1.71,2.23
21,30,609,2.06,2.3
21,40,609,2.43,2.19
21,50,609,2.47,2.17
21,60,609,1.47,2.14
21,70,609,2.05,2.18
21,80,609,2.76,2.21
21,90,609,3.49,2.2
21,100,609,2.15,2.25
21,110,609,2.53,2.27
21,120,609,0.967,2.2
21,130,609,3.21,2.23
21,140,609,2.39,2.23
21,150,609,3.09,2.22
21,160,609,2.17,2.2
21,170,609,2.01,2.18
21,180,609,2.83,2.18
21,190,609,3.41,2.17
21,200,609,4.04,2.2
21,210,609,1.48,2.19
21,220,609,2.07,2.2
21,230,609,1.11,2.19
21,240,609,1.9,2.19
21,250,609,2.44,2.2
21,260,609,3.5,2.21
21,270,609,1.4,2.2
21,280,609,2.22,2.18
21,290,609,1.58,2.17
21,300,609,2.02,2.19
21,310,609,1.13,2.18
21,320,609,3.36,2.17
21,330,609,1.65,2.17
21,340,609,1.59,2.17
21,350,609,0.975,2.16
21,360,609,2.12,2.16
21,370,609,2.0,2.15
21,380,609,3.8,2.15
21,390,609,3.43,2.15
21,400,609,1.72,2.15
21,410,609,1.84,2.14
21,420,609,1.53,2.13
21,430,609,3.64,2.14
21,440,609,1.59,2.15
21,450,609,3.2,2.15
21,460,609,3.83,2.15
21,470,609,2.16,2.14
21,480,609,3.94,2.14
21,490,609,1.69,2.14
21,500,609,3.35,2.14
21,510,609,1.41,2.14
21,520,609,1.95,2.13
21,530,609,4.25,2.14
21,540,609,1.2,2.14
21,550,609,1.09,2.14
21,560,609,1.43,2.15
21,570,609,1.62,2.14
21,580,609,4.11,2.15
21,590,609,2.87,2.15
21,600,609,1.9,2.16
22,0,609,2.01,2.01
22,10,609,1.17,2.12
22,20,609,3.45,2.15
22,30,609,2.13,2.16
22,40,609,2.91,2.32
22,50,609,3.5,2.26
22,60,609,2.38,2.3
22,70,609,2.3,2.28
22,80,609,1.39,2.32
22,90,609,1.51,2.29
22,100,609,2.03,2.32
22,110,609,1.25,2.32
22,120,609,2.38,2.3
22,130,609,1.16,2.31
22,140,609,2.22,2.31
22,150,609,1.47,2.3
22,160,609,4.43,2.3
22,170,609,2.12,2.3
22,180,609,1.3,2.27
22,190,609,1.76,2.27
22,200,609,2.67,2.25
22,210,609,1.39,2.23
22,220,609,1.99,2.22
22,230,609,3.61,2.21
22,240,609,3.55,2.22
22,250,609,1.54,2.22
22,260,609,2.65,2.21
22,270,609,1.99,2.2
22,280,609,4.14,2.2
22,290,609,2.1,2.21
22,300,609,1.29,2.2
22,310,609,2.42,2.2
22,320,609,1.64,2.2
22,330,609,1.1,2.19
22,340,609,1.8,2.19
22,350,609,1.69,2.19
22,360,609,1.81,2.18
22,370,609,1.34,2.17
22,380,609,2.08,2.17
22,390,609,1.6,2.17
22,400,609,1.58,2.17
22,410,609,2.02,2.17
22,420,609,1.1,2.17
22,430,609,4.72,2.21
22,440,609,0.989,2.2
22,450,609,1.63,2.19
22,460,609,1.6,2.19
22,470,609,3.06,2.18
22,480,609,1.41,2.17
22,490,609,1.43,2.17
22,500,609,3.33,2.18
22,510,609,1.25,2.18
22,520,609,1.86,2.17
22,530,609,1.02,2.17
22,540,609,1.15,2.17
22,550,609,2.35,2.17
22,560,609,1.36,2.18
22,570,609,1.62,2.18
22,580,609,2.2,2.18
22,590,609,1.53,2.18
22,600,609,1.22,2.18
23,0,609,2.33,2.33
23,10,609,2.12,2.05
23,20,609,3.34,1.95
23,30,609,1.16,2.03
23,40,609,1.44,2.14
23,50,609,2.66,2.17
23,60,609,1.58,2.12
23,70,609,3.33,2.17
23,80,609,2.26,2.16
23,90,609,1.43,2.15
23,100,609,1.83,2.15
23,110,609,3.89,2.17
23,120,609,1.46,2.17
23,130,609,2.04,2.19
23,140,609,2.51,2.17
23,150,609,1.8,2.14
23,160,609,1.67,2.13
23,170,609,1.65,2.15
23,180,609,2.08,2.14
23,190,609,2.46,2.14
23,200,609,1.87,2.13
23,210,609,1.44,2.15
23,220,609,3.12,2.15
23,230,609,1.52,2.16
23,240,609,3.84,2.18
23,250,609,1.5,2.18
23,260,609,1.05,2.2
23,270,609,1.11,2.19
23,280,609,1.68,2.19
23,290,609,4.24,2.19
23,300,609,2.41,2.19
23,310,609,2.97,2.21
23,320,609,1.6,2.2
23,330,609,3.49,2.21
23,340,609,2.56,2.21
23,350,609,2.35,2.21
23,360,609,1.44,2.2
23,370,609,2.08,2.21
23,380,609,1.38,2.2
23,390,609,1.3,2.2
23,400,609,1.18,2.2
23,410,609,2.88,2.2
23,420,609,1.95,2.21
23,430,609,1.7,2.21
23,440,609,2.23,2.2
23,450,609,1.55,2.19
23,460,609,1.78,2.19
23,470,609,1.75,2.18
23,480,609,1.35,2.18
23,490,609,1.53,2.17
23,500,609,1.9,2.16
23,510,609,1.23,2.15
23,520,609,2.07,2.16
23,530,609,1.68,2.17
23,540,609,3.15,2.16
23,550,609,1.58,2.16
23,560,609,1.36,2.16
23,570,609,1.52,2.16
23,580,609,2.23,2.15
23,590,609,1.44,2.15
23,600,609,2.58,2.15
24,0,609,1.33,1.33
24,10,609,3.3,2.65
24,20,609,2.58,2.32
24,30,609,2.14,2.26
24,40,609,1.31,2.26
24,50,609,1.64,2.18
24,60,609,3.14,2.28
24,70,609,1.78,2.26
24,80,609,1.84,2.24
24,90,609,3.01,2.22
24,100,609,2.07,2.2
24,110,609,0.977,2.18
24,120,609,1.71,2.16
24,130,609,1.68,2.14
24,140,609,1.53,2.14
24,150,609,0.967,2.11
24,160,609,1.15,2.1
24,170,609,1.7,2.13
24,180,609,1.68,2.13
24,190,609,1.69,2.11
24,200,609,2.78,2.12
24,210,609,1.02,2.13
24,220,609,2.2,2.14
24,230,609,3.43,2.14
24,240,609,1.58,2.13
24,250,609,2.71,2.11
24,260,609,1.5,2.11
24,270,609,3.38,2.1
24,280,609,1.71,2.1
24,290,609,1.47,2.1
24,300,609,2.56,2.11
24,310,609,1.7,2.1
24,320,609,1.64,2.1
24,330,609,1.23,2.11
24,340,609,2.04,2.11
24,350,609,1.7,2.1
24,360,609,1.64,2.1
24,370,609,2.47,2.1
24,380,609,6.33,2.11
24,390,609,4.86,2.11
24,400,609,1.02,2.11
24,410,609,2.48,2.11
24,420,609,2.63,2.11
24,430,609,2.51,2.12
24,440,609,1.75,2.13
24,450,609,1.85,2.14
24,460,609,2.3,2.13
24,470,609,1.15,2.13
24,480,609,2.45,2.12
24,490,609,1.16,2.13
24,500,609,1.64,2.12
24,510,609,1.4,2.12
24,520,609,2.16,2.12
24,530,609,2.0,2.13
24,540,609,1.88,2.13
24,550,609,1.28,2.12
24,560,609,2.83,2.13
24,570,609,1.01,2.13
24,580,609,2.27,2.14
24,590,609,1.5,2.13
24,600,609,1.55,2.13
25,0,609,1.75,1.75
25,10,609,2.17,2.09
25,20,609,2.41,2.35
25,30,609,1.88,2.3
25,40,609,1.45,2.26
25,50,609,3.49,2.27
25,60,609,2.39,2.22
25,70,609,2.27,2.28
25,80,609,2.01,2.23
25,90,609,1.55,2.28
25,100,609,1.4,2.31
25,110,609,1.2,2.33
25,120,609,4.0,2.39
25,130,609,1.81,2.4
25,140,609,1.89,2.37
25,150,609,2.2,2.34
25,160,609,2.02,2.31
25,170,609,1.64,2.31
25,180,609,6.2,2.33
25,190,609,1.02,2.33
25,200,609,1.1,2.33
25,210,609,2.77,2.31
25,220,609,1.21,2.29
25,230,609,1.51,2.28
25,240,609,1.3,2.26
25,250,609,1.79,2.25
25,260,609,1.49,2.25
25,270,609,1.51,2.24
25,280,609,2.47,2.24
25,290,609,2.46,2.22
25,300,609,1.29,2.22
25,310,609,2.21,2.22
25,320,609,1.39,2.21
25,330,609,1.76,2.21
25,340,609,3.15,2.2
25,350,609,2.15,2.2
25,360,609,2.49,2.2
25,370,609,1.94,2.21
25,380,609,2.13,2.2
25,390,609,2.4,2.2
25,400,609,1.81,2.2
25,410,609,1.84,2.2
25,420,609,1.96,2.2
25,430,609,2.66,2.19
25,440,609,2.42,2.2
25,450,609,1.83,2.2
25,460,609,1.55,2.19
25,470,609,2.15,2.19
25,480,609,2.55,2.19
25,490,609,1.19,2.18
25,500,609,3.09,2.18
25,510,609,1.21,2.17
25,520,609,1.77,2.17
25,530,609,1.64,2.17
25,540,609,1.37,2.16
25,550,609,2.37,2.17
25,560,609,1.3,2.17
25,570,609,1.61,2.17
25,580,609,1.72,2.18
25,590,609,1.62,2.17
25,600,609,1.48,2.17
26,0,609,2.92,2.92
26,10,609,1.32,1.96
26,20,609,4.05,2.2
26,30,609,2.17,2.18
26,40,609,1.47,2.19
26,50,609,1.12,2.19
26,60,609,2.55,2.24
26,70,609,1.51,2.18
26,80,609,2.35,2.12
26,90,609,2.05,2.06
26,100,609,2.79,2.06
26,110,609,2.51,2.07
26,120,609,3.09,2.03
26,130,609,1.81,2.06
26,140,609,1.13,2.05
26,150,609,2.07,2.1
26,160,609,3.21,2.11
26,170,609,1.05,2.09
26,180,609,2.51,2.1
26,190,609,1.22,2.1
26,200,609,2.04,2.1
26,210,609,1.44,2.1
26,220,609,2.27,2.13
26,230,609,4.34,2.14
26,240,609,2.24,2.13
26,250,609,1.61,2.12
26,260,609,1.79,2.13
26,270,609,2.69,2.13
26,280,609,2.22,2.12
26,290,609,1.08,2.12
26,300,609,1.47,2.11
26,310,609,2.19,2.11
26,320,609,1.95,2.12
26,330,609,1.15,2.1
26,340,609,2.66,2.1
26,350,609,1.56,2.1
26,360,609,1.12,2.1
26,370,609,2.06,2.09
26,380,609,1.94,2.08
26,390,609,1.75,2.09
26,400,609,1.3,2.09
26,410,609,3.88,2.09
26,420,609,1.8,2.09
26,430,609,2.56,2.1
26,440,609,2.27,2.1
26,450,609,4.54,2.11
26,460,609,1.68,2.11
26,470,609,3.02,2.12
26,480,609,2.26,2.13
26,490,609,3.87,2.13
26,500,609,1.7,2.14
26,510,609,4.25,2.13
26,520,609,2.88,2.14
26,530,609,2.45,2.13
26,540,609,2.49,2.15
26,550,609,3.39,2.14
26,560,609,2.16,2.14
26,570,609,1.08,2.14
26,580,609,1.88,2.13
26,590,609,2.5,2.13
26,600,609,2.52,2.13
27,0,609,1.08,1.08
27,10,609,1.46,1.93
27,20,609,2.81,1.98
27,30,609,2.7,1.93
27,40,609,1.83,2.05
27,50,609,4.65,2.1
27,60,609,1.91,2.09
27,70,609,1.28,2.11
27,80,609,1.72,2.1
27,90,609,2.37,2.09
27,100,609,2.33,2.08
27,110,609,1.22,2.17
27,120,609,1.2,2.14
27,130,609,1.64,2.14
27,140,609,1.59,2.12
27,150,609,1.54,2.09
27,160,609,2.08,2.08
27,170,609,2.19,2.09
27,180,609,2.07,2.1
27,190,609,1.51,2.1
27,200,609,3.7,2.12
27,210,609,1.83,2.11
27,220,609,1.67,2.1
27,230,609,2.17,2.1
27,240,609,1.37,2.09
27,250,609,1.63,2.11
27,260,609,2.64,2.13
27,270,609,3.25,2.13
27,280,609,2.95,2.13
27,290,609,1.33,2.13
27,300,609,1.73,2.13
27,310,609,2.34,2.14
27,320,609,2.92,2.14
27,330,609,1.88,2.15
27,340,609,1.37,2.13
27,350,609,2.72,2.12
27,360,609,2.94,2.11
27,370,609,3.86,2.12
27,380,609,1.14,2.11
27,390,609,2.38,2.12
27,400,609,4.24,2.12
27,410,609,2.03,2.12
27,420,609,1.8,2.12
27,430,609,1.64,2.12
27,440,609,2.19,2.12
27,450,609,3.2,2.13
27,460,609,1.27,2.12
27,470,609,2.09,2.12
27,480,609,2.25,2.11
27,490,609,1.23,2.12
27,500,609,2.0,2.13
27,510,609,2.87,2.13
27,520,609,2.36,2.13
27,530,609,1.97,2.12
27,540,609,3.23,2.12
27,550,609,2.9,2.11
27,560,609,2.27,2.12
27,570,609,3.09,2.12
27,580,609,2.51,2.12
27,590,609,2.52,2.12
27,600,609,2.14,2.12
28,0,609,2.04,2.04
28,10,609,1.74,1.95
28,20,609,2.23,2.07
28,30,609,1.75,2.1
28,40,609,1.83,2.14
28,50,609,2.0,2.15
28,60,609,2.38,2.17
28,70,609,2.16,2.14
28,80,609,1.46,2.14
28,90,609,1.04,2.13
28,100,609,1.99,2.12
28,110,609,1.7,2.12
28,120,609,1.93,2.13
28,130,609,1.6,2.12
28,140,609,2.76,2.12
28,150,609,1.85,2.11
28,160,609,1.96,2.11
28,170,609,1.93,2.11
28,180,609,2.4,2.12
28,190,609,2.07,2.14
28,200,609,1.14,2.16
28,210,609,1.24,2.17
28,220,609,1.52,2.16
28,230,609,4.96,2.16
28,240,609,1.78,2.17
28,250,609,2.13,2.19
28,260,609,1.53,2.18
28,270,609,1.58,2.2
28,280,609,1.21,2.19
28,290,609,2.12,2.18
28,300,609,1.61,2.17
28,310,609,1.82,2.17
28,320,609,1.71,2.17
28,330,609,4.79,2.17
28,340,609,1.48,2.16
28,350,609,2.95,2.16
28,360,609,0.963,2.15
28,370,609,2.69,2.15
28,380,609,1.68,2.15
28,390,609,2.09,2.15
28,400,609,1.46,2.15
28,410,609,1.4,2.15
28,420,609,1.93,2.14
28,430,609,2.32,2.14
28,440,609,1.72,2.14
28,450,609,1.92,2.13
28,460,609,1.82,2.12
28,470,609,1.12,2.12
28,480,609,3.3,2.13
28,490,609,2.54,2.12
28,500,609,3.64,2.12
28,510,609,3.35,2.12
28,520,609,1.31,2.12
28,530,609,3.05,2.12
28,540,609,1.44,2.13
28,550,609,2.04,2.12
28,560,609,3.7,2.12
28,570,609,1.9,2.12
28,580,609,2.43,2.11
28,590,609,2.27,2.12
28,600,609,2.03,2.11
29,0,609,1.22,1.22
29,10,609,1.42,2.1
29,20,609,1.64,2.18
29,30,609,1.83,2.16
29,40,609,1.71,2.12
29,50,609,2.85,2.23
29,60,609,3.21,2.22
29,70,609,4.39,2.26
29,80,609,5.03,2.22
29,90,609,2.33,2.21
29,100,609,1.81,2.23
29,110,609,3.14,2.21
29,120,609,2.29,2.2
29,130,609,2.22,2.25
29,140,609,1.53,2.26
29,150,609,1.63,2.24
29,160,609,1.45,2.24
29,170,609,1.53,2.23
29,180,609,3.38,2.22
29,190,609,2.18,2.2
29,200,609,1.08,2.19
29,210,609,1.83,2.17
29,220,609,1.33,2.14
29,230,609,4.58,2.15
29,240,609,3.01,2.16
29,250,609,1.25,2.14
29,260,609,2.6,2.17
29,270,609,3.61,2.17
29,280,609,2.39,2.18
29,290,609,1.67,2.18
29,300,609,3.34,2.18
29,310,609,3.05,2.19
29,320,609,1.58,2.18
29,330,609,1.69,2.17
29,340,609,1.55,2.16
29,350,609,2.0,2.17
29,360,609,2.14,2.16
29,370,609,2.52,2.16
29,380,609,1.71,2.16
29,390,609,1.23,2.15
29,400,609,3.31,2.16
29,410,609,1.74,2.15
29,420,609,3.03,2.14
29,430,609,1.46,2.14
29,440,609,3.53,2.14
29,450,609,1.37,2.14
29,460,609,2.87,2.13
29,470,609,2.42,2.12
29,480,609,2.43,2.13
29,490,609,1.63,2.13
29,500,609,1.69,2.13
29,510,609,1.7,2.14
29,520,609,2.18,2.14
29,530,609,2.12,2.15
29,540,609,2.46,2.15
29,550,609,1.26,2.16
29,560,609,2.08,2.15
29,570,609,1.82,2.15
29,580,609,2.75,2.16
29,590,609,1.7,2.16
29,600,609,1.75,2.15
30,0,609,3.26,3.26
30,10,609,1.69,2.19
30,20,609,1.41,2.37
30,30,609,2.15,2.35
30,40,609,1.56,2.26
30,50,609,2.18,2.19
30,60,609,1.86,2.14
30,70,609,1.5,2.16
30,80,609,2.17,2.14
30,90,609,4.34,2.16
30,100,609,2.67,2.17
30,110,609,1.48,2.16
30,120,609,1.64,2.17
30,130,609,1.87,2.16
30,140,609,3.63,2.18
30,150,609,2.49,2.18
30,160,609,1.54,2.16
30,170,609,2.99,2.17
30,180,609,1.31,2.16
30,190,609,2.35,2.18
30,200,609,2.26,2.19
30,210,609,1.48,2.18
30,220,609,2.46,2.18
30,230,609,2.19,2.17
30,240,609,1.54,2.17
30,250,609,2.01,2.17
30,260,609,1.12,2.15
30,270,609,2.02,2.15
30,280,609,2.98,2.14
30,290,609,2.45,2.15
30,300,609,2.34,2.14
30,310,609,1.32,2.14
30,320,609,2.56,2.13
30,330,609,1.59,2.12
30,340,609,1.91,2.12
30,350,609,2.12,2.12
30,360,609,1.89,2.12
30,370,609,1.88,2.13
30,380,609,1.78,2.13
30,390,609,3.45,2.13
30,400,609,1.33,2.13
30,410,609,3.81,2.14
30,420,609,1.25,2.13
30,430,609,2.93,2.14
30,440,609,1.51,2.14
30,450,609,2.53,2.14
30,460,609,3.1,2.14
30,470,609,1.64,2.14
30,480,609,2.26,2.14
30,490,609,2.13,2.14
30,500,609,1.63,2.14
30,510,609,2.17,2.15
30,520,609,2.28,2.15
30,530,609,1.68,2.15
30,540,609,3.52,2.16
30,550,609,2.65,2.15
30,560,609,2.65,2.15
30,570,609,0.992,2.14
30,580,609,1.53,2.15
30,590,609,2.32,2.14
30,600,609,1.92,2.14
31,0,609,1.49,1.49
31,10,609,2.21,2.03
31,20,609,2.63,2.14
31,30,609,3.29,2.2
31,40,609,2.24,2.15
31,50,609,1.75,2.17
31,60,609,2.69,2.09
31,70,609,1.91,2.07
31,80,609,1.12,2.08
31,90,609,2.63,2.12
31,100,609,1.93,2.13
31,110,609,2.19,2.12
31,120,609,1.82,2.12
31,130,609,2.62,2.11
31,140,609,1.55,2.07
31,150,609,2.73,2.07
31,160,609,1.8,2.07
31,170,609,1.6,2.06
31,180,609,3.86,2.07
31,190,609,1.39,2.06
31,200,609,1.73,2.05
31,210,609,2.52,2.06
31,220,609,1.43,2.04
31,230,609,4.73,2.07
31,240,609,2.72,2.08
31,250,609,1.86,2.08
31,260,609,0.937,2.06
31,270,609,2.66,2.06
31,280,609,2.35,2.06
31,290,609,3.11,2.05
31,300,609,1.78,2.05
31,310,609,2.77,2.05
31,320,609,1.48,2.06
31,330,609,2.9,2.06
31,340,609,3.52,2.07
31,350,609,1.16,2.07
31,360,609,1.3,2.07
31,370,609,1.44,2.06
31,380,609,0.971,2.07
31,390,609,2.15,2.08
31,400,609,1.57,2.1
31,410,609,1.35,2.1
31,420,609,1.48,2.09
31,430,609,1.25,2.09
31,440,609,1.4,2.08
31,450,609,1.88,2.07
31,460,609,4.12,2.08
31,470,609,1.91,2.08
31,480,609,3.85,2.08
31,490,609,1.36,2.08
31,500,609,2.11,2.08
31,510,609,1.63,2.08
31,520,609,1.9,2.08
31,530,609,1.25,2.08
31,540,609,1.42,2.08
31,550,609,2.04,2.08
31,560,609,2.5,2.08
31,570,609,1.22,2.08
31,580,609,1.34,2.08
31,590,609,1.67,2.08
31,600,609,3.12,2.08
32,0,609,1.08,1.08
32,10,609,1.47,2.03
32,20,609,2.36,2.13
32,30,609,2.27,2.23
32,40,609,1.89,2.1
32,50,609,1.92,2.0
32,60,609,1.44,2.07
32,70,609,3.46,2.12
32,80,609,4.7,2.17
32,90,609,1.51,2.16
32,100,609,2.51,2.17
32,110,609,1.75,2.22
32,120,609,1.97,2.21
32,130,609,1.27,2.2
32,140,609,1.38,2.2
32,150,609,1.05,2.18
32,160,609,2.41,2.16
32,170,609,2.0,2.15
32,180,609,2.75,2.15
32,190,609,1.38,2.14
32,200,609,1.87,2.12
32,210,609,1.56,2.1
32,220,609,3.0,2.12
32,230,609,1.91,2.12
32,240,609,2.88,2.12
32,250,609,2.03,2.12
32,260,609,1.61,2.13
32,270,609,1.12,2.12
32,280,609,2.27,2.13
32,290,609,1.47,2.13
32,300,609,2.99,2.14
32,310,609,1.33,2.14
32,320,609,1.12,2.15
32,330,609,1.89,2.14
32,340,609,2.26,2.14
32,350,609,2.35,2.14
32,360,609,1.34,2.12
32,370,609,1.39,2.11
32,380,609,1.19,2.12
32,390,609,3.13,2.12
32,400,609,2.5,2.14
32,410,609,1.37,2.14
32,420,609,1.83,2.14
32,430,609,4.5,2.15
32,440,609,1.08,2.15
32,450,609,4.35,2.15
32,460,609,1.27,2.15
32,470,609,1.29,2.15
32,480,609,1.42,2.15
32,490,609,2.45,2.15
32,500,609,2.93,2.17
32,510,609,2.34,2.17
32,520,609,2.53,2.17
32,530,609,1.98,2.17
32,540,609,2.18,2.18
32,550,609,2.58,2.17
32,560,609,1.64,2.17
32,570,609,3.01,2.17
32,580,609,1.12,2.16
32,590,609,2.3,2.16
32,600,609,2.34,2.16
33,0,609,1.1,1.1
33,10,609,1.79,1.9
33,20,609,2.14,1.68
33,30,609,2.3,1.95
33,40,609,1.88,2.05
33,50,609,1.76,2.03
33,60,609,1.21,2.04
33,70,609,1.75,2.07
33,80,609,2.0,2.1
33,90,609,2.16,2.15
33,100,609,1.77,2.14
33,110,609,2.71,2.13
33,120,609,1.37,2.15
33,130,609,0.951,2.15
33,140,609,1.68,2.13
33,150,609,2.11,2.12
33,160,609,1.44,2.1
33,170,609,3.36,2.13
33,180,609,2.99,2.14
33,190,609,3.43,2.18
33,200,609,1.44,2.16
33,210,609,2.99,2.15
33,220,609,1.4,2.14
33,230,609,1.74,2.14
33,240,609,1.47,2.13
33,250,609,1.87,2.13
33,260,609,2.26,2.14
33,270,609,1.6,2.13
33,280,609,1.96,2.12
33,290,609,2.54,2.13
33,300,609,1.36,2.12
33,310,609,2.15,2.13
33,320,609,1.84,2.12
33,330,609,1.64,2.11
33,340,609,1.26,2.12
33,350,609,1.8,2.12
33,360,609,3.39,2.13
33,370,609,1.78,2.12
33,380,609,3.3,2.12
33,390,609,1.29,2.12
33,400,609,1.68,2.12
33,410,609,1.47,2.11
33,420,609,2.28,2.11
33,430,609,3.22,2.12
33,440,609,1.91,2.12
33,450,609,2.82,2.13
33,460,609,1.53,2.14
33,470,609,2.25,2.14
33,480,609,2.34,2.14
33,490,609,3.45,2.14
33,500,609,1.01,2.13
33,510,609,2.36,2.13
33,520,609,2.05,2.13
33,530,609,1.11,2.12
33,540,609,1.45,2.13
33,550,609,1.87,2.13
33,560,609,1.41,2.13
33,570,609,1.68,2.12
33,580,609,1.27,2.13
33,590,609,2.12,2.13
33,600,609,1.58,2.13
34,0,609,1.31,1.31
34,10,609,1.87,1.95
34,20,609,3.15,2.14
34,30,609,3.02,2.09
34,40,609,1.25,2.02
34,50,609,2.35,2.09
34,60,609,1.69,2.1
34,70,609,2.93,2.1
34,80,609,2.65,2.07
34,90,609,1.98,2.05
34,100,609,2.73,2.04
34,110,609,2.1,2.03
34,120,609,1.83,2.03
34,130,609,2.0,2.04
34,140,609,2.98,2.05
34,150,609,1.68,2.06
34,160,609,1.57,2.05
34,170,609,2.25,2.05
34,180,609,2.27,2.05
34,190,609,2.01,2.07
34,200,609,1.11,2.08
34,210,609,2.74,2.11
34,220,609,1.78,2.1
34,230,609,2.06,2.09
34,240,609,3.15,2.09
34,250,609,1.66,2.07
34,260,609,1.74,2.08
34,270,609,1.61,2.1
34,280,609,1.29,2.08
34,290,609,1.69,2.07
34,300,609,4.13,2.08
34,310,609,2.8,2.08
34,320,609,3.3,2.1
34,330,609,1.1,2.1
34,340,609,1.73,2.11
34,350,609,2.31,2.1
34,360,609,2.25,2.11
34,370,609,1.48,2.11
34,380,609,2.09,2.1
34,390,609,1.38,2.11
34,400,609,1.52,2.11
34,410,609,2.3,2.12
34,420,609,2.84,2.11
34,430,609,1.81,2.11
34,440,609,1.07,2.11
34,450,609,2.77,2.11
34,460,609,1.62,2.1
34,470,609,1.58,2.1
34,480,609,1.52,2.1
34,490,609,2.78,2.11
34,500,609,2.22,2.1
34,510,609,1.86,2.1
34,520,609,2.9,2.1
34,530,609,1.95,2.09
34,540,609,2.29,2.09
34,550,609,1.55,2.09
34,560,609,1.75,2.09
34,570,609,1.06,2.08
34,580,609,2.39,2.09
34,590,609,1.43,2.09
34,600,609,1.37,2.09
35,0,609,1.55,1.55
35,10,609,2.31,1.97
35,20,609,1.32,1.99
35,30,609,1.01,2.02
35,40,609,1.78,2.02
35,50,609,1.58,2.11
35,60,609,3.67,2.08
35,70,609,1.24,2.09
35,80,609,1.45,2.11
35,90,609,2.31,2.11
35,100,609,2.94,2.15
35,110,609,1.71,2.16
35,120,609,1.92,2.15
35,130,609,1.34,2.13
35,140,609,0.937,2.12
35,150,609,2.46,2.11
35,160,609,1.28,2.1
35,170,609,3.06,2.11
35,180,609,1.54,2.11
35,190,609,0.967,2.11
35,200,609,1.29,2.1
35,210,609,1.15,2.1
35,220,609,2.06,2.11
35,230,609,2.16,2.11
35,240,609,0.958,2.09
35,250,609,1.71,2.11
35,260,609,1.86,2.12
35,270,609,2.19,2.12
35,280,609,2.14,2.14
35,290,609,2.5,2.14
35,300,609,2.06,2.13
35,310,609,1.49,2.12
35,320,609,1.89,2.11
35,330,609,3.82,2.12
35,340,609,2.47,2.11
35,350,609,1.82,2.11
35,360,609,2.63,2.12
35,370,609,1.22,2.11
35,380,609,1.94,2.11
35,390,609,1.09,2.1
35,400,609,1.27,2.1
35,410,609,1.51,2.1
35,420,609,0.997,2.1
35,430,609,2.91,2.1
35,440,609,1.54,2.1
35,450,609,2.77,2.1
35,460,609,2.01,2.1
35,470,609,2.3,2.1
35,480,609,1.4,2.1
35,490,609,1.32,2.1
35,500,609,2.41,2.1
35,510,609,1.49,2.1
35,520,609,1.58,2.09
35,530,609,1.92,2.09
35,540,609,1.99,2.09
35,550,609,1.89,2.1
35,560,609,2.93,2.1
35,570,609,1.0,2.09
35,580,609,1.26,2.09
35,590,609,2.84,2.09
35,600,609,1.74,2.09
36,0,609,1.32,1.32
36,10,609,2.8,1.95
36,20,609,2.23,2.01
36,30,609,2.24,2.04
36,40,609,1.85,2.09
36,50,609,1.58,2.03
36,60,609,1.09,2.02
36,70,609,1.15,2.01
36,80,609,2.53,1.99
36,90,609,1.54,2.05
36,100,609,1.88,2.04
36,110,609,1.94,2.01
36,120,609,3.51,2.02
36,130,609,1.32,2.02
36,140,609,2.16,1.99
36,150,609,1.72,1.98
36,160,609,1.56,1.96
36,170,609,1.08,1.94
36,180,609,1.58,1.95
36,190,609,2.18,1.98
36,200,609,2.18,1.97
36,210,609,1.2,1.97
36,220,609,2.8,1.97
36,230,609,2.03,1.97
36,240,609,2.16,1.96
36,250,609,2.09,1.98
36,260,609,1.67,1.98
36,270,609,1.61,2.0
36,280,609,1.86,2.0
36,290,609,1.68,2.0
36,300,609,1.59,2.0
36,310,609,1.52,2.0
36,320,609,2.27,2.0
36,330,609,2.04,2.01
36,340,609,3.31,2.0
36,350,609,2.08,2.01
36,360,609,2.03,2.01
36,370,609,2.13,2.01
36,380,609,2.62,2.02
36,390,609,1.36,2.01
36,400,609,2.06,2.01
36,410,609,2.85,2.01
36,420,609,2.24,2.01
36,430,609,2.25,2.02
36,440,609,1.79,2.02
36,450,609,3.3,2.02
36,460,609,1.08,2.02
36,470,609,2.51,2.02
36,480,609,1.01,2.03
36,490,609,3.07,2.03
36,500,609,1.18,2.03
36,510,609,3.29,2.04
36,520,609,2.66,2.04
36,530,609,1.95,2.04
36,540,609,2.35,2.05
36,550,609,1.57,2.05
36,560,609,2.05,2.05
36,570,609,1.21,2.05
36,580,609,2.94,2.05
36,590,609,1.89,2.06
36,600,609,2.68,2.06
37,0,609,2.56,2.56
37,10,609,1.72,1.93
37,20,609,1.28,2.25
37,30,609,2.01,2.28
37,40,609,1.77,2.18
37,50,609,1.3,2.14
37,60,609,1.93,2.14
37,70,609,1.73,2.17
37,80,609,2.16,2.11
37,90,609,1.67,2.11
37,100,609,2.02,2.15
37,110,609,4.57,2.16
37,120,609,2.62,2.15
37,130,609,1.34,2.17
37,140,609,1.13,2.14
37,150,609,3.58,2.12
37,160,609,1.22,2.12
37,170,609,1.91,2.12
37,180,609,1.59,2.09
37,190,609,1.48,2.08
37,200,609,1.49,2.11
37,210,609,2.13,2.1
37,220,609,2.34,2.09
37,230,609,2.75,2.1
37,240,609,1.05,2.09
37,250,609,3.26,2.09
37,260,609,1.98,2.1
37,270,609,1.65,2.11
37,280,609,1.84,2.1
37,290,609,4.64,2.1
37,300,609,3.8,2.1
37,310,609,2.44,2.09
37,320,609,1.46,2.1
37,330,609,2.19,2.1
37,340,609,3.07,2.11
37,350,609,1.53,2.1
37,360,609,1.55,2.09
37,370,609,2.52,2.1
37,380,609,1.33,2.09
37,390,609,2.42,2.09
37,400,609,2.17,2.1
37,410,609,1.33,2.1
37,420,609,3.29,2.09
37,430,609,3.19,2.09
37,440,609,2.4,2.1
37,450,609,2.3,2.1
37,460,609,1.6,2.1
37,470,609,2.42,2.1
37,480,609,1.53,2.1
37,490,609,1.31,2.09
37,500,609,2.14,2.09
37,510,609,1.66,2.09
37,520,609,1.95,2.09
37,530,609,1.78,2.09
37,540,609,1.3,2.09
37,550,609,2.94,2.09
37,560,609,1.19,2.09
37,570,609,2.45,2.1
37,580,609,1.88,2.1
37,590,609,3.12,2.11
37,600,609,2.74,2.11
38,0,609,2.15,2.15
38,10,609,2.3,2.21
38,20,609,1.87,2.41
38,30,609,1.29,2.35
38,40,609,2.6,2.19
38,50,609,1.55,2.23
38,60,609,2.15,2.16
38,70,609,1.92,2.1
38,80,609,2.09,2.14
38,90,609,2.24,2.15
38,100,609,1.06,2.12
38,110,609,1.53,2.12
38,120,609,2.53,2.13
38,130,609,2.38,2.13
38,140,609,2.0,2.11
38,150,609,1.59,2.14
38,160,609,2.2,2.16
38,170,609,2.27,2.15
38,180,609,1.89,2.14
38,190,609,2.07,2.14
38,200,609,1.85,2.13
38,210,609,2.07,2.16
38,220,609,1.38,2.14
38,230,609,1.43,2.14
38,240,609,2.16,2.14
38,250,609,1.9,2.14
38,260,609,1.78,2.13
38,270,609,1.74,2.11
38,280,609,1.56,2.11
38,290,609,1.88,2.1
38,300,609,1.18,2.09
38,310,609,1.35,2.09
38,320,609,3.23,2.09
38,330,609,2.03,2.09
38,340,609,1.25,2.08
38,350,609,1.65,2.08
38,360,609,1.54,2.09
38,370,609,2.19,2.09
38,380,609,2.07,2.08
38,390,609,1.62,2.07
38,400,609,1.69,2.08
38,410,609,1.2,2.08
38,420,609,1.11,2.09
38,430,609,2.75,2.1
38,440,609,1.37,2.11
38,450,609,1.4,2.12
38,460,609,1.43,2.11
38,470,609,2.03,2.11
38,480,609,1.81,2.1
38,490,609,2.05,2.1
38,500,609,1.4,2.09
38,510,609,1.67,2.08
38,520,609,1.05,2.08
38,530,609,2.38,2.08
38,540,609,1.69,2.08
38,550,609,1.67,2.09
38,560,609,1.63,2.08
38,570,609,2.65,2.09
38,580,609,1.92,2.08
38,590,609,1.63,2.08
38,600,609,2.75,2.1
39,0,609,1.65,1.65
39,10,609,1.87,2.35
39,20,609,1.79,2.21
39,30,609,3.18,2.13
39,40,609,1.48,2.18
39,50,609,3.39,2.18
39,60,609,3.07,2.17
39,70,609,2.39,2.14
39,80,609,1.96,2.17
39,90,609,1.41,2.18
39,100,609,1.75,2.16
39,110,609,2.91,2.16
39,120,609,1.44,2.18
39,130,609,2.33,2.18
39,140,609,1.95,2.17
39,150,609,1.8,2.16
39,160,609,4.02,2.17
39,170,609,2.95,2.17
39,180,609,1.29,2.15
39,190,609,1.58,2.17
39,200,609,2.02,2.17
39,210,609,2.37,2.17
39,220,609,1.28,2.14
39,230,609,2.62,2.13
39,240,609,2.03,2.13
39,250,609,1.22,2.13
39,260,609,1.41,2.12
39,270,609,1.9,2.13
39,280,609,1.54,2.13
39,290,609,2.31,2.12
39,300,609,1.62,2.13
39,310,609,1.7,2.12
39,320,609,3.17,2.12
39,330,609,1.0,2.12
39,340,609,1.77,2.13
39,350,609,2.43,2.13
39,360,609,3.0,2.13
39,370,609,2.48,2.13
39,380,609,4.01,2.14
39,390,609,1.71,2.14
39,400,609,1.95,2.14
39,410,609,2.29,2.13
39,420,609,4.42,2.14
39,430,609,2.63,2.13
39,440,609,1.42,2.13
39,450,609,1.53,2.13
39,460,609,1.81,2.12
39,470,609,1.19,2.12
39,480,609,2.38,2.13
39,490,609,1.57,2.12
39,500,609,2.82,2.12
39,510,609,1.65,2.12
39,520,609,1.17,2.12
39,530,609,1.63,2.11
39,540,609,1.96,2.1
39,550,609,1.47,2.1
39,560,609,1.91,2.1
39,570,609,1.54,2.09
39,580,609,2.06,2.09
39,590,609,2.03,2.09
39,600,609,2.12,2.08
